param,covariate,coef,exp(coef),se(coef),coef lower 95%,coef upper 95%,exp(coef) lower 95%,exp(coef) upper 95%,cmp to,z,p,-log2(p)
lambda_,log_n_events,0.18958533599943775,1.208748269329997,0.059416541867727275,0.07313105385277606,0.3060396181460994,1.075871524784415,1.3580361083550707,0.0,3.1907837454002523,0.0014188743944072999,9.461037403922028
lambda_,mod_age,-0.005451550785223261,0.9945632819517118,0.005775533587175406,-0.01677138860758848,0.0058682870371419595,0.9833684681746546,1.005885539163818,0.0,-0.9439042649372605,0.3452185723921839,1.5344180128231715
lambda_,mod_cpd,0.0026247260956907045,1.0026281737049128,0.006711237865874745,-0.01052905841310525,0.015778510604486658,0.98952617808966,1.0159036486003532,0.0,0.39109418383706723,0.6957276195870672,0.5234054997100317
lambda_,mod_edu,-0.12480923822028955,0.8826652653223986,0.06422359465592363,-0.25068517070359897,0.001066694263019835,0.778267354356637,1.0010672633836866,0.0,-1.943354913236359,0.05197329087027933,4.266085778605744
lambda_,mod_readiness,-0.03390726926078035,0.9666611396835382,0.05390844293133421,-0.13956587586882827,0.07175133734726757,0.8697357267205428,1.0743881506370756,0.0,-0.6289788281210362,0.5293629170678393,0.9176709601903462
lambda_,Intercept,5.062974486903983,158.05996508884184,0.3991541387668289,4.280646750640896,5.845302223167071,72.28717667005286,345.60697643397987,0.0,12.684259024711217,7.229429593766611e-37,120.05745768865019
rho_,Intercept,-0.5270929384337525,0.5903185701276085,0.032811170833937565,-0.5914016515588612,-0.4627842253086438,0.5535508553006191,0.6295284541620949,0.0,-16.06443552720053,4.529690640576336e-58,190.492416980027
