param,covariate,coef,exp(coef),se(coef),coef lower 95%,coef upper 95%,exp(coef) lower 95%,exp(coef) upper 95%,cmp to,z,p,-log2(p)
lambda_,log_n_events,0.3891209427015107,1.4756830136312231,0.16040095242016858,0.07474085287205745,0.703501032530964,1.0776048564934078,2.0208152771377663,0.0,2.425926634663693,0.015269356697339939,6.033216907542222
lambda_,mod_age,0.02802896341753559,1.028425470706379,0.013423980568329377,0.0017184449744444864,0.05433948186062669,1.0017199223471496,1.0558429808597753,0.0,2.087977055305274,0.03679990447411258,4.764154168462625
lambda_,mod_cpd,0.006431814198575052,1.0064525427323805,0.015557611905991966,-0.024060544822620746,0.03692417321977085,0.9762266025021221,1.0376143389006574,0.0,0.41341911839939,0.6792995697475264,0.5578801544701226
lambda_,mod_edu,0.06392760300662761,1.0660152196709785,0.14849473444280697,-0.22711672839511357,0.3549719344083688,0.7968277644352083,1.4261406282393245,0.0,0.43050417408066044,0.6668289310181434,0.5846113964854159
lambda_,mod_readiness,0.027094871924101226,1.0274652757473488,0.12495120970835587,-0.21780499892898783,0.27199474277719027,0.8042822622785094,1.312580100766924,0.0,0.21684361429827204,0.8283302212293105,0.27172206924603903
lambda_,Intercept,2.605698494681401,13.540680093330511,0.8975041683658772,0.8466226487097088,4.364774340653093,2.3317583711954293,78.63165397189874,0.0,2.9032717468328904,0.0036928605103381065,8.081045515712965
rho_,Intercept,-0.6086298838660337,0.544095833093696,0.07022521130221979,-0.7462687688250996,-0.4709909989069677,0.47413235380593755,0.6243831985173753,0.0,-8.666828800937978,4.443222896489028e-18,57.64309919129413
