covariate,coef,exp(coef),se(coef),coef lower 95%,coef upper 95%,exp(coef) lower 95%,exp(coef) upper 95%,cmp to,z,p,-log2(p)
log_n_events,-0.07922967515592233,0.9238277198013616,0.15390976536768336,-0.3808872721455918,0.22242792183374716,0.6832549071385039,1.2491057831515537,0.0,-0.514780039893156,0.6067067348103585,0.7209287686433219
log_active_days,0.05047777661402851,1.0517734891270736,0.17875327791468673,-0.29987221021723653,0.4008277634452936,0.740912895730329,1.4930600868272283,0.0,0.28238797745639077,0.7776460326340116,0.3628144733109874
log_craving_tool,-0.039524568806490294,0.9612463370252352,0.1460723023899164,-0.32582102062957047,0.24677188301658987,0.7219343872314397,1.2798871154868752,0.0,-0.2705822264715582,0.7867123672662157,0.3460918316680029
log_content,-0.13182029185719563,0.8764984948436335,0.14224288567602614,-0.4106112248392552,0.14697064112486397,0.6632447345620789,1.1583199555597041,0.0,-0.9267267830704088,0.3540684079320394,1.4978999711615661
mod_readiness,-0.027759582074118317,0.9726221745001995,0.060396042911083914,-0.14613365098857845,0.0906144868403418,0.8640422153710265,1.0948468460227714,0.0,-0.4596258419609783,0.645784806982372,0.6308745950147855
mod_age,-0.012636538465590753,0.9874429673415158,0.006472580132745913,-0.025322562412822224,4.948548164071878e-05,0.9749953644432007,1.0000494867060674,0.0,-1.9523185818372952,0.05090039266592481,4.296179403906026
mod_edu,-0.016334531352494255,0.9837981536731878,0.07265388706437294,-0.15873353333550572,0.12606447063051723,0.8532236843497046,1.1343552985269496,0.0,-0.22482666809033222,0.8221141189902897,0.28258942424812017
mod_cpd,-0.0035195004619975696,0.9964866857202017,0.007615214306303723,-0.01844504623690704,0.011406045312911898,0.9817240225388139,1.011471342271624,0.0,-0.462166962141065,0.6439615933276687,0.6349534481127045
