covariate,coef,exp(coef),se(coef),coef lower 95%,coef upper 95%,exp(coef) lower 95%,exp(coef) upper 95%,cmp to,z,p,-log2(p)
log_n_events,-0.19582319203612167,0.8221575858369257,0.0859721877852504,-0.3643255837673268,-0.027320800304916543,0.6946649862767446,0.9730490370215892,0.0,-2.2777504804840802,0.02274144822641004,5.458532058564299
mod_readiness,-0.016713895671743084,0.9834250065401705,0.06765394541883955,-0.1493131921047072,0.11588540076122103,0.8612993205054547,1.122867185035019,0.0,-0.24704982936721345,0.8048696607175309,0.31317292043161327
mod_age,-0.014853596261385046,0.9852561742319617,0.0072304236759193116,-0.029024966259152605,-0.0006822262636174865,0.9713922121341542,0.9993180063998072,0.0,-2.0543189344290376,0.03994483332137367,4.6458472804557065
mod_edu,-0.03041301144726118,0.9700448111913658,0.08047443005731263,-0.18813999603598153,0.12731397314145915,0.8284987125778974,1.1357735641994962,0.0,-0.3779214270371534,0.7054889643897,0.5033045792438089
mod_cpd,-0.003727092943129306,0.9962798440468292,0.008412427571911182,-0.020215148006626958,0.012760962120368348,0.979987808200512,1.0128427306423053,0.0,-0.4430460662239692,0.657732414834709,0.6044273229441685
