covariate,coef,exp(coef),se(coef),coef lower 95%,coef upper 95%,exp(coef) lower 95%,exp(coef) upper 95%,cmp to,z,p,-log2(p)
log_n_events,-0.14526777116728185,0.8647906960904762,0.16040367041385684,-0.45965318816647427,0.16911764583191058,0.6315026201147967,1.1842594539175486,0.0,-0.9056386976213018,0.3651271192804255,1.4535292680801195
log_active_days,-0.0617231527623976,0.9401431267936675,0.19310482241388605,-0.44020164993461725,0.31675534440982206,0.6439065642741874,1.3726667002590243,0.0,-0.3196354808276353,0.7492446744515389,0.416491170629207
log_craving_tool,0.04356624531366603,1.0445291871837874,0.12396683199944933,-0.19940428068278215,0.28653677131011424,0.8192186321082437,1.3318071392871635,0.0,0.3514346911265713,0.7252622603107407,0.4634253159911484
log_content,-0.02446724785599997,0.9758296489082059,0.12680718363182997,-0.27300476075534374,0.22407026504334382,0.7610891642610034,1.2511589290762202,0.0,-0.1929484367939107,0.8469993506276683,0.2395672314061597
mod_readiness,-0.016825882809717693,0.9833148817546703,0.06323731011148084,-0.14076873310741073,0.10711696748797535,0.868690187749126,1.1130644392168962,0.0,-0.2660752454532838,0.790181259280546,0.33974446454702095
mod_age,-0.013081178901646742,0.9870040078667349,0.006708810326666399,-0.02623020552102328,6.784771772979509e-05,0.9741108181070541,1.0000678500194384,0.0,-1.9498507581368405,0.05119390968175228,4.287884000536891
mod_edu,-0.0284030351896591,0.9719965390369034,0.07470926203576535,-0.17483049809132473,0.11802442771200654,0.8395993223963365,1.1252715988421584,0.0,-0.3801809095110831,0.7038111292345406,0.5067397675509443
mod_cpd,-0.003582357727765898,0.9964240512602989,0.007725203557433583,-0.018723478473576423,0.011558763018044628,0.9814507169737319,1.011625823649544,0.0,-0.4637234088568154,0.6428459235493609,0.6374550991189799
