covariate,coef,exp(coef),se(coef),coef lower 95%,coef upper 95%,exp(coef) lower 95%,exp(coef) upper 95%,cmp to,z,p,-log2(p)
log_n_events,-0.16292856348114879,0.8496518824193957,0.12854851994514274,-0.4148790328395574,0.0890219058772598,0.6604201650252579,1.0931046014792918,0.0,-1.2674479920163804,0.20499514872169455,2.2863383266101454
log_active_days,-0.035400450218984233,0.9652188167692649,0.15570298070093164,-0.34057268467834534,0.26977178424037684,0.7113628195008372,1.3096655303115168,0.0,-0.22735884733626308,0.8201447174295798,0.2860495940631745
mod_readiness,-0.02674934331878171,0.9736052516028645,0.060370141221154035,-0.14507264585384053,0.09157395921627712,0.8649594551101549,1.0958978254396428,0.0,-0.44308896381061624,0.6577013874620183,0.604495381156817
mod_age,-0.012490731018593344,0.9875869543765754,0.0064780161721330965,-0.025187409407242234,0.00020594737005554843,0.9751271469023289,1.0002059685786713,0.0,-1.9281722500671632,0.05383370461549312,4.215346480625847
mod_edu,-0.017454268666840293,0.9826971746893954,0.07265130266548508,-0.1598482053211099,0.12493966798742931,0.8522731496769111,1.1330800900023728,0.0,-0.24024715354666867,0.8101386606464978,0.30375923885729716
mod_cpd,-0.003735703838379527,0.996271265222388,0.007606157934420978,-0.018643499450568216,0.01117209177380916,0.9815292155822852,1.0112347326503068,0.0,-0.49114202868098994,0.623325997330347,0.6819412097698614
