covariate,coef,exp(coef),se(coef),coef lower 95%,coef upper 95%,exp(coef) lower 95%,exp(coef) upper 95%,cmp to,z,p,-log2(p)
log_n_events,-0.16668105295913854,0.8464695472445435,0.07847011567896828,-0.3204796535526082,-0.0128824523656689,0.7258008206266395,0.9872001712450033,0.0,-2.124134156257052,0.03365892710163531,4.892866999138337
mod_readiness,-0.0137537972420821,0.9863403540868332,0.06269862180418671,-0.1366408378585858,0.1091332433744216,0.8722834610734754,1.1153109482356578,0.0,-0.2193636294755635,0.8263667995132744,0.27514580188929144
mod_age,-0.012902082543655847,0.9871807925201375,0.006685585752415688,-0.026005589833944714,0.0002014247466330197,0.9743296432526141,1.0002014450339594,0.0,-1.9298357722797834,0.05362718959011908,4.220891540937524
mod_edu,-0.026026448259381496,0.9743093204823506,0.07458007415656286,-0.17220070757057115,0.12014781105180816,0.8418101985319935,1.1276635203923608,0.0,-0.3489732150808171,0.7271094182523701,0.4597556120464805
mod_cpd,-0.0036687708815733963,0.996337950835658,0.007711995943400947,-0.01878400517955825,0.011446463416411458,0.9813913147924772,1.0115122248512154,0.0,-0.4757226155847132,0.6342720067927812,0.6568264237750979
