,out_days_quit,log_n_events,log_active_days
count,1121.0,1121.0,1121.0
mean,97.86708296164139,3.4970156934428958,2.034209004685838
std,75.32949369840667,1.0213263061485411,0.6992130544333571
min,0.0,0.6931471805599453,0.6931471805599453
25%,16.9,2.833213344056216,1.6094379124341003
50%,91.7,3.4965075614664802,2.0794415416798357
75%,180.0,4.204692619390966,2.5649493574615367
max,180.0,6.852242569051878,3.4339872044851463
