,out_days_quit,log_n_events,log_active_days
count,1162.0,1162.0,1162.0
mean,96.76764199655766,3.4892919056546927,2.0353697947942857
std,73.62160830036959,1.050553140183555,0.6974617845116378
min,0.0,0.6931471805599453,0.6931471805599453
25%,19.0,2.833213344056216,1.6094379124341003
50%,94.9,3.4811217321331034,2.0794415416798357
75%,180.0,4.219507705176107,2.5649493574615367
max,180.0,6.630683385642372,3.4339872044851463
