,out_days_quit,log_n_events,log_active_days
count,1163.0,1163.0,1163.0
mean,96.8396388650043,5.2298901718466695,3.6328750082223746
std,75.28203347001632,1.0370081596891052,0.831257804244841
min,0.0,0.6931471805599453,0.6931471805599453
25%,16.85,4.559112541534189,3.091042453358316
50%,89.3,5.241747015059643,3.6888794541139363
75%,180.0,5.942799375126701,4.2626798770413155
max,180.0,8.672486075822272,5.198497031265826
