,coef,se,t,p,ci_lo,ci_hi
Intercept,3.35182146236657,1.4999471519154655,2.234626372059989,0.026211602116288833,0.39952931212207865,6.3041136126110615
log_n_events,-1.1707953611783595,1.0803019021173923,-1.0837668237773164,0.2793778110742795,-3.2971148261291603,0.9555241037724416
log_craving_tool,0.10748382452242689,0.6197475217909405,0.17343163262972178,0.8624344188997745,-1.1123429816289327,1.3273106306737867
log_content,1.2634060719916593,0.7191756158285255,1.7567420866128138,0.08002817069019046,-0.15212148346015097,2.6789336274434694
mod_readiness,0.07888253635910586,0.09424015736379783,0.8370374006761626,0.4032679832120168,-0.10660698336673727,0.26437205608494896
mod_age,0.012403532948386429,0.01005204550107568,1.2339312378817937,0.21823802090982672,-0.0073815474718327435,0.0321886133686056
mod_edu,0.10430418165193892,0.11237110691838668,0.9282117486632339,0.3540777118625186,-0.11687183541358401,0.3254801987174618
mod_cpd,0.0059812295978614,0.011565241502226268,0.5171729095938061,0.6054337998600806,-0.01678222020708794,0.028744679402810742
