,coef,se,t,p,ci_lo,ci_hi
Intercept,1.5189454274980148,0.9167464163128852,1.6568872269031039,0.09868269080382275,-0.28578711815509683,3.3236779731511263
log_n_events,0.7632510720076603,0.5445447115696,1.4016315938642747,0.16215290505767568,-0.30875482411086763,1.8352569681261883
log_craving_tool,-0.40154405681168076,0.3133462314676215,-1.281470834772662,0.2011077948909496,-1.0184061813038725,0.21531806768051104
log_content,-0.24026256242349392,0.36786763191181415,-0.6531223233064715,0.5142230803440587,-0.9644570353877606,0.48393191054077284
mod_readiness,0.07393733762401028,0.09858827118856245,0.7499607887696482,0.4539194433273143,-0.12014628077646539,0.26802095602448595
mod_age,0.013432894473958939,0.010365152018993209,1.2959669524715478,0.1960734924597487,-0.006972232676202332,0.03383802162412021
mod_edu,0.101503087813395,0.11583389752225798,0.8762813820875771,0.3816418738964603,-0.12653075123781526,0.3295369268646053
mod_cpd,0.005038388670881459,0.011721394445579791,0.4298455012561638,0.6676446516600999,-0.018036675119884004,0.028113452461646923
