,test_statistic,p,-log2(p)
log_active_days,0.05283099769242196,0.8182083722369222,0.28945979535036404
log_content,0.2273755635366437,0.6334766736889486,0.6586365984460777
log_craving_tool,0.025123693232194117,0.874059233464304,0.1941970429308882
log_n_events,0.007993288266493872,0.9287598977788601,0.1066224143770286
mod_age,1.227905402926006,0.2678147743707782,1.9006925437714048
mod_cpd,0.00022648062973115393,0.9879928703385569,0.017427463972470462
mod_edu,1.2460055623754787,0.26431676679368865,1.919660150411587
mod_readiness,0.38274172878010815,0.5361395497925855,0.8993195315363838
