,test_statistic,p,-log2(p)
log_active_days,0.13919484934427137,0.7090827564676707,0.49597408183985225
log_content,0.005690467009501142,0.9398684660351535,0.08946922817879333
log_craving_tool,0.25878574991595127,0.6109555906233102,0.7108605782083427
log_n_events,0.013482979266032584,0.9075604247891645,0.13993439487363238
mod_age,0.6995493573539412,0.40293515813797554,1.3113804014426893
mod_cpd,0.015070515344253972,0.9022955445860713,0.1483280329464969
mod_edu,0.8999661769762082,0.3427907805045018,1.5445997867767978
mod_readiness,0.499059139180815,0.47991382021318063,1.05915273554042
