,test_statistic,p,-log2(p)
log_n_events,0.06450160950067713,0.799517444206748,0.32279858351319085
mod_age,0.8931442032998578,0.3446266785973252,1.5368937055988998
mod_cpd,0.020815882411313817,0.8852816583885019,0.17579156340652735
mod_edu,0.9858118815937541,0.320768146051045,1.6403972131192381
mod_readiness,0.5436957899043035,0.46090509429555715,1.1174583812932506
