,test_statistic,p,-log2(p)
log_n_events,0.05148024466791766,0.8205072688076573,0.28541198037285936
mod_age,0.7717821339191593,0.3796662989698122,1.3971961508867698
mod_cpd,0.012589923392444819,0.9106610012765298,0.1350139923373101
mod_edu,0.845021552508706,0.35796454229796626,1.4821114045607628
mod_readiness,0.4423263717037099,0.5060017468112008,0.9827857295102536
