,test_statistic,p,-log2(p)
log_n_events,0.00017057307174446625,0.9895796345474691,0.015112284791046704
mod_age,0.412601152935974,0.5206522067529715,0.941608114210784
mod_cpd,0.5789557253919844,0.4467219345681389,1.1625510004974475
mod_edu,0.0504618181398811,0.8222616155977602,0.28233061159327444
mod_readiness,0.9776244923305433,0.32278598525663066,1.6313501539410833
