,coef,or,p,ci_lo_or,ci_hi_or
Intercept,2.1694795491141363,8.753726970021795,3.297406872931458e-06,3.5089538770918542,21.837772324666286
is_delivered,-0.30165754615903023,0.7395912974073778,0.26824857168296645,0.43357208891453247,1.2616017063509695
mod_readiness,-0.07934374742100507,0.9237223426912347,0.31565545347988133,0.7911056919426342,1.0785701266940901
mod_age,0.007796367828803058,1.0078268386402076,0.35163606849768003,0.9914276282259502,1.024497308493434
