,coef,or,p,ci_lo_or,ci_hi_or
Intercept,2.555419255881871,12.876697156998523,5.3898812007825525e-11,6.0008104458892335,27.63115601937387
is_delivered,0.2635819506181202,1.3015839561808513,0.16875846666865768,0.8942172576392171,1.8945292998034602
mod_readiness,-0.1305384942438677,0.8776227088759172,0.05067139795481362,0.7699278121294459,1.0003816033147892
mod_age,-0.00822039788384455,0.9918132971946421,0.2643939212745604,0.9775981940561861,1.0062350999346987
