,coef,or,p,ci_lo_or,ci_hi_or
Intercept,-2.080836226859945,0.12482578586765995,2.968945705382484e-17,0.07702619612439568,0.20228802149745437
log_events,0.2935907294350853,1.341234863371404,1.0100298706116563e-05,1.1773387241684388,1.5279468192074372
