fold,auc,auprc,baseline_auc,baseline_auprc
1,0.8438984497226568,0.3644469684613563,0.5,0.10570739549839228
2,0.8253449011520408,0.28942218930607555,0.5,0.10570739549839228
3,0.8304603422936518,0.3377853091516829,0.5,0.10570739549839228
4,0.8476058408002655,0.3598191085626211,0.5,0.10570739549839228
5,0.8472649633817599,0.3570042361840292,0.5,0.10570739549839228
