fold,auc,auprc,baseline_auc,baseline_auprc
1,0.84972379458501,0.3413131655270977,0.5,0.10308168483380434
2,0.8477315407283192,0.3967245466848654,0.5,0.10308168483380434
3,0.83786632932743,0.3190701088054993,0.5,0.10308168483380434
4,0.8477511534746432,0.33084736186147107,0.5,0.10308168483380434
5,0.8360472471058941,0.3235393391367783,0.5,0.10308168483380434
