fold,auc,auprc,baseline_auc,baseline_auprc
1,0.8485960775908263,0.33868839121299493,0.5,0.10308168483380434
2,0.847653089743024,0.3839462995285524,0.5,0.10308168483380434
3,0.8383027129331352,0.3115423128858852,0.5,0.10308168483380434
4,0.8473736081079093,0.33013442727170117,0.5,0.10308168483380434
5,0.8339781023687294,0.3229733664143848,0.5,0.10308168483380434
