fold,auc,baseline_auc
1,0.8485960775908263,0.5
2,0.847653089743024,0.5
3,0.8383027129331352,0.5
4,0.8473736081079093,0.5
5,0.8339781023687294,0.5
