fold,auc
1,0.8485960775908263
2,0.847653089743024
3,0.8383027129331352
4,0.8473736081079093
5,0.8339781023687294
