feature,mean_abs_shap
n_events_30d,0.9946123780762735
n_active_days_30d,0.9018278641507713
n_content_30d,0.7904594967818934
n_notif_30d,0.5895352218092119
n_craving_30d,0.10253179887373211
intensity_30d,0.09537733406453774
mod_age,0.05223855208604095
mod_cpd,0.05174478498806553
mod_readiness,0.020782577283319843
mod_edu,0.01974610057230979
