feature,mean_abs_shap
n_events_30d,1.0552535586775773
n_content_30d,0.9124157378756831
n_active_days_30d,0.6376539365501308
n_notif_30d,0.5684461891562087
intensity_30d,0.14387837109292795
n_craving_30d,0.14272702770934204
mod_cpd,0.04504479280394101
mod_age,0.03234118752238367
mod_edu,0.025348193290606648
mod_readiness,0.019483005122028524
log_events_30d,0.0
