feature,mean_abs_shap
n_active_days_30d,1.1012299136382706
n_events_30d,0.8154033032806297
n_craving_30d,0.5572803975766399
intensity_30d,0.207758263581333
n_notif_30d,0.13534194141048272
n_content_30d,0.1234016409679147
mod_age,0.10131359040243762
mod_edu,0.07376773720934496
mod_cpd,0.062105991167432116
mod_readiness,0.028033796905084393
