feature,mean_abs_shap
n_events_30d,1.0996092912606041
n_active_days_30d,0.9118887970843405
n_content_30d,0.7562192985865448
n_notif_30d,0.5651897536411662
intensity_30d,0.0996746357560657
n_craving_30d,0.09752843468037169
mod_cpd,0.0721263130984128
mod_age,0.05655145768061187
mod_readiness,0.03527136619715038
mod_edu,0.011524345147436952
