param,covariate,coef,exp(coef),se(coef),coef lower 95%,coef upper 95%,exp(coef) lower 95%,exp(coef) upper 95%,cmp to,z,p,-log2(p)
lambda_,activated,-0.20712673846163093,0.8129166156572001,0.21979126088026119,-0.6379096939035902,0.22365621698032828,0.5283957793850673,1.2506409963770264,0.0,-0.9423793176857487,0.3459984722442565,1.5311624272291222
lambda_,log_n_events,0.24209626059676634,1.273916814907096,0.09477617048432452,0.0563383798548622,0.4278541413386705,1.0579556140421238,1.533962322958498,0.0,2.5544001130200527,0.010637094494020682,6.554752055054211
lambda_,mod_age,-0.0030668382709004,0.9969378596737503,0.008278898569604275,-0.019293181298984947,0.01315950475718415,0.9808917409674963,1.0132464721036043,0.0,-0.37044037260707646,0.7110543969903504,0.4919681619536785
lambda_,mod_cpd,-0.00010620204903631262,0.9998938035902016,0.009860651988188408,-0.01943272480996887,0.019220320711896246,0.9807548734397762,1.019406220181758,0.0,-0.010770286707565266,0.9914067206563448,0.012451056146989886
lambda_,mod_edu,0.014165745087577803,1.0142665547065206,0.09335061253143709,-0.16879809340879232,0.19712958358394794,0.8446794325148597,1.217901850567597,0.0,0.15174774651647085,0.8793858969402994,0.18543169922268146
lambda_,mod_readiness,0.05746494259041771,1.0591481390137487,0.07033513054958647,-0.08038938013469468,0.1953192653155301,0.9227569731902733,1.2156990550804236,0.0,0.8170162213590371,0.4139191580192406,1.2725790704319644
lambda_,Intercept,4.608654035866597,100.34899255370057,0.5466542025645474,3.537231486842621,5.680076584890573,34.371629038467425,292.97186628171676,0.0,8.43065692030863,3.4373011721916695e-17,54.69150134863371
rho_,Intercept,-0.15403595729677375,0.8572411963811706,0.07028778206233123,-0.2917974786921434,-0.016274435901404094,0.7469197878292735,0.9838572772435253,0.0,-2.1915040249836677,0.028415338792272905,5.137186273223483
