param,covariate,coef,exp(coef),se(coef),coef lower 95%,coef upper 95%,exp(coef) lower 95%,exp(coef) upper 95%,cmp to,z,p,-log2(p)
lambda_,activated,-1.1774239866568816,0.30807131313482805,0.5836911043299544,-2.3214375292400034,-0.033410444073759704,0.09813241594360332,0.9671415206078371,0.0,-2.01720392502555,0.04367423664964603,4.517073702234163
lambda_,log_n_events,0.7312124629608127,2.0775980919214247,0.2766036994261607,0.1890791740949953,1.27334575182663,1.208136601818457,3.572786243756366,0.0,2.643538262423022,0.00820444920909812,6.929377800402064
lambda_,mod_age,0.01714890639316502,1.0172967930437122,0.021581727121856725,-0.02515050148984544,0.05944831427617548,0.9751631374786828,1.0612509080406505,0.0,0.7946030591684018,0.4268444382726423,1.2282177136214703
lambda_,mod_cpd,0.011899085184235882,1.0119701609307044,0.02257894361785385,-0.03235483111571817,0.05615300148418993,0.9681629867708563,1.0577595101314223,0.0,0.5269991982630631,0.5981941452306159,0.7413143046041047
lambda_,mod_edu,0.12418598391126044,1.1322264273179095,0.2284890672424586,-0.32364435874510905,0.5720163265676299,0.7235075057476645,1.7718360521945633,0.0,0.5435095228406788,0.5867790360408949,0.7691107663779494
lambda_,mod_readiness,0.24268371608900519,1.2746654041965848,0.20204865104726835,-0.15332436308854186,0.6386917952665523,0.8578514213420974,1.8940015161526556,0.0,1.2011152503672515,0.22970649809605542,2.122136425640602
lambda_,Intercept,2.4343179528807406,11.408035241748431,1.3642903154933446,-0.23964192994300237,5.108277835704484,0.7869095793840384,165.3852888394689,0.0,1.7843108063113828,0.07437317525870694,3.7490738224668996
rho_,Intercept,-0.06469415725705852,0.9373541024917361,0.1767898496848213,-0.4111958954715581,0.2818075809574411,0.6628570681833675,1.3255236394568097,0.0,-0.36593818803734735,0.714411199823173,0.48517339712322094
