param,covariate,coef,exp(coef),se(coef),coef lower 95%,coef upper 95%,exp(coef) lower 95%,exp(coef) upper 95%,cmp to,z,p,-log2(p)
lambda_,activated,-0.38412332620788725,0.6810474310031317,0.517534823577743,-1.3984729411655543,0.6302262887497799,0.24697381968115142,1.8780355094915502,0.0,-0.7422173517763003,0.4579556571201081,1.1267201829188906
lambda_,log_n_events,0.7299519380787302,2.074980877709954,0.25488937972228504,0.2303779337812975,1.2295259423761629,1.2590757672870971,3.4196080607118944,0.0,2.863798950250693,0.004185936061938003,7.900234009339236
lambda_,mod_age,0.009113392082127064,1.00915504547817,0.021008922831698033,-0.03206334002198233,0.05029012418623645,0.9684452387937617,1.0515761397954713,0.0,0.43378673695620784,0.6644433137185983,0.5897819721436193
lambda_,mod_cpd,0.008121948538170994,1.0081550210392822,0.022057540698099475,-0.03511003681763046,0.05135393389397244,0.9654991699560845,1.0526954119421412,0.0,0.3682164140298197,0.7127118722044963,0.48860913820966234
lambda_,mod_edu,0.052903069469569325,1.054327443647854,0.22266025262934086,-0.38350300647252866,0.48930914541166726,0.6814700292247554,1.6311889162515176,0.0,0.2375954794124673,0.8121948570348447,0.30010220300288365
lambda_,mod_readiness,0.18989101620575682,1.2091178162290621,0.18451862748514886,-0.17175884814189746,0.5515408805534111,0.8421822424948816,1.735925812436518,0.0,1.0291156984735341,0.30342531010928353,1.7205866624132518
lambda_,Intercept,2.054470546349455,7.802705607842888,1.2870049996502968,-0.468012900888112,4.576953993587022,0.626245444483032,97.21781665481232,0.0,1.5963190095669346,0.11041758804606522,3.178958102428477
rho_,Intercept,-0.523831107497625,0.5922472332783792,0.10986977059890084,-0.7391719008611484,-0.3084903141341016,0.47750917677877763,0.7345550669665873,0.0,-4.767745528567304,1.862988854644204e-06,19.033949525961226
