param,covariate,coef,exp(coef),se(coef),coef lower 95%,coef upper 95%,exp(coef) lower 95%,exp(coef) upper 95%,cmp to,z,p,-log2(p)
lambda_,log_n_events,0.6344028191264658,1.885895584340585,0.22001296484774724,0.20318533189300425,1.0656203063599272,1.2252995342877464,2.902638951138369,0.0,2.8834792511681457,0.003933085565797566,7.990122711651284
lambda_,mod_age,0.013122537299326654,1.013209015649687,0.02069726948755175,-0.02744336547459456,0.05368844007324787,0.9729297824096418,1.0551558066721527,0.0,0.6340226331410105,0.5260660515130811,0.9266841428834871
lambda_,mod_cpd,0.009545259696834087,1.0095909609826494,0.022312951918792342,-0.0341873224527728,0.053277841846440965,0.9663904610497714,1.0547226505015912,0.0,0.4277900894320894,0.668803952977853,0.5803447203682504
lambda_,mod_edu,0.06007472679088958,1.0619158971477032,0.22345657542980285,-0.37789211316018195,0.49804156674196115,0.6853044320071717,1.6454955198702266,0.0,0.2688429583033755,0.7880505339369153,0.3436399490602708
lambda_,mod_readiness,0.17462551841960194,1.190800200364165,0.18317654202943276,-0.18439390677067374,0.5336449436098776,0.8316081632149425,1.7051361204842201,0.0,0.9533181295208814,0.3404289085295837,1.5545745419368793
lambda_,Intercept,1.9566504851886686,7.075587544135006,1.2829232738144896,-0.5578329264159492,4.471133896793287,0.5724482581497101,87.45583270099745,0.0,1.5251500421930921,0.1272216779215163,2.974583575482085
rho_,Intercept,-0.5287247544828662,0.5893560643405616,0.10953242125520432,-0.7434043552825361,-0.3140451536831962,0.4754924118956279,0.7304860432793586,0.0,-4.827107338848719,1.3853046485421964e-06,19.46136528863841
