covariate,coef,exp(coef),se(coef),coef lower 95%,coef upper 95%,exp(coef) lower 95%,exp(coef) upper 95%,cmp to,z,p,-log2(p)
log_n_events,-0.182076480437924,0.8335375886580786,0.17870134622905756,-0.5323246830356994,0.1681717221598514,0.5872382389140283,1.1831397645200703,0.0,-1.0188870105351093,0.3082566110996551,1.6977962588207756
log_active_days,-0.26510085600970396,0.7671285765469732,0.26546253961265565,-0.7853978728950464,0.2551961608756385,0.45593826021713674,1.2907147837839357,0.0,-0.9986375343071778,0.31797031065776604,1.6530360295865985
activated,0.14085369067080536,1.1512561961402181,0.2807871070474057,-0.4094789264653027,0.6911863078069134,0.6639961508299828,1.9960820970039217,0.0,0.5016387402966648,0.615921663293364,0.6991812231310046
mod_readiness,-0.07780611874324157,0.9251437771948174,0.09773271400565174,-0.2693587183056723,0.11374648081918916,0.763869192632891,1.1204680287369932,0.0,-0.7961113076092633,0.4259673423418773,1.231185267364559
mod_age,-0.006715091313468012,0.9933074045301598,0.011125027433216953,-0.02851974440959332,0.015089561782657298,0.9718831046985991,1.015203984022776,0.0,-0.6036022251431206,0.546108133088546,0.8727414521218089
mod_edu,-0.03841778046797793,0.9623108222327351,0.12059849599509401,-0.27478648920806015,0.19795092827210425,0.7597343173850194,1.2189025786983656,0.0,-0.31855936635843934,0.7500606701963191,0.4149207992104452
mod_cpd,-0.003757827114973307,0.9962492246814304,0.011788613578259164,-0.02686308515602112,0.019347430926074508,0.9734945182504281,1.0195358053603654,0.0,-0.31876752003336334,0.7499028096414251,0.415224466124473
