covariate,coef,exp(coef),se(coef),coef lower 95%,coef upper 95%,exp(coef) lower 95%,exp(coef) upper 95%,cmp to,z,p,-log2(p)
log_n_events,-0.04919577116498735,0.9519947383350873,0.2258952155692831,-0.4919422579606939,0.3935507156307192,0.6114376704711195,1.48223445428114,0.0,-0.21778137726825286,0.82759945510304,0.2729953995690928
log_active_days,-0.17629691814156767,0.8383690194067591,0.282449401229256,-0.7298875720058127,0.3772937357226773,0.48196317319713106,1.4583326108477757,0.0,-0.6241716830494273,0.5325148413663962,0.9091063605961668
activated,0.16176168518923342,1.1755800497983222,0.280386368762217,-0.3877854993406784,0.7113088697191452,0.6785578787671988,2.0366552312304096,0.0,0.5769242131967414,0.5639906529957784,0.8262568418171574
log_craving_tool,-0.19679394761981725,0.8213598590313181,0.18716215653795024,-0.5636250337030475,0.17003713846341303,0.5691421603017948,1.185348872538655,0.0,-1.0514622788069554,0.2930463252872247,1.7707993483991988
log_content,-0.060128520332868245,0.9416435054703622,0.21135220832942037,-0.4743712367115386,0.3541141960458021,0.6222761979129733,1.4249178971787027,0.0,-0.28449440300689927,0.7760315226708635,0.3658128385094183
mod_readiness,-0.07671403188569058,0.9261546664441987,0.09951031331073423,-0.2717506620650264,0.11832259829364526,0.7620442439420303,1.125607171755786,0.0,-0.7709153889018596,0.440757084988304,1.1819443344279235
mod_age,-0.00539903622343018,0.994615512378056,0.011136312512953836,-0.027225807669402444,0.016427735222542084,0.9731414739044423,1.0165634124028746,0.0,-0.4848136416026385,0.6278085451295998,0.6716034292483178
mod_edu,-0.036434242649219586,0.9642214964628817,0.12120831572936577,-0.27399817610553623,0.20112969080709708,0.7603334620276094,1.2227833452993007,0.0,-0.3005919390099443,0.763725679084857,0.3888735619819797
mod_cpd,-0.003819395953396933,0.9961878886620994,0.011702285031238314,-0.02675545315144621,0.019116661244652344,0.9735993030558682,1.019300554552785,0.0,-0.3263803559049674,0.7441365982271215,0.4263606193926155
