covariate,coef,exp(coef),se(coef),coef lower 95%,coef upper 95%,exp(coef) lower 95%,exp(coef) upper 95%,cmp to,z,p,-log2(p)
log_n_events,-0.4004634828993414,0.6700094361439629,0.18062718037501257,-0.7544862510633861,-0.046440714735296706,0.4702521442215002,0.9546211538601775,0.0,-2.21707210436387,0.026618164686210494,5.231445088449147
activated,0.5940508136266496,1.81131085716383,0.4247853417097933,-0.23851315728508538,1.4266147845383845,0.787798322901827,4.164577311099984,0.0,1.398472958684379,0.1619710874901398,2.626191785834561
mod_readiness,-0.11357469620599418,0.892637517285008,0.14876308571302413,-0.4051449864325666,0.17799559402057819,0.6668801152800063,1.1948200568706202,0.0,-0.7634602069567772,0.4451889854474965,1.167510195911107
mod_age,-0.019305640683261852,0.9808795197364961,0.016737970373089352,-0.05211145978881543,0.013500178422291727,0.9492230607445471,1.0135917172975468,0.0,-1.1534039225150439,0.24874463223050797,2.0072627014440703
mod_edu,-0.1077284764902789,0.8978713565176398,0.18103196354961099,-0.46254460509808426,0.24708765211752648,0.6296793199773618,1.280291328106202,0.0,-0.595079865334148,0.5517900868136026,0.8578085567052789
mod_cpd,-0.008444530083614399,0.9915910248087108,0.01755449447894178,-0.042850707029147506,0.025961646861918708,0.9580544101799504,1.026301585832172,0.0,-0.4810466113817396,0.6304833712905067,0.6654697742515266
