,coef,se,t,p,ci_lo,ci_hi
Intercept,2.1830411914610806,0.9133547560640677,2.3901350236226833,0.01859051481747034,0.37242191196879815,3.9936604709533627
log_n_events,0.2694711819928477,0.15065371202605427,1.7886793386560895,0.07649626234851445,-0.029182231382839763,0.5681245953685352
mod_readiness,-0.0063766846609008,0.12801151059240826,-0.049813369371167864,0.96036398052255,-0.2601445744503602,0.2473912051285586
mod_age,0.009397268843183263,0.015235149133505776,0.6168150216866861,0.5386669802366376,-0.020804637441225172,0.0395991751275917
mod_edu,0.165552193675435,0.16231894790546467,1.0199190902337132,0.3100673633538802,-0.1562261893167724,0.4873305766676424
mod_cpd,0.0020970596300813266,0.015455671061119383,0.13568221151889903,0.892327442672529,-0.028542005656387412,0.03273612491655006
