,coef,se,t,p,ci_lo,ci_hi
Intercept,2.8121917778769183,0.7721066519730625,3.6422322883640055,0.0005325052930718662,1.2706311089111064,4.35375244684273
log_n_events,0.8685644746580727,0.5750349736560849,1.5104550409094613,0.13570050218834045,-0.279529893396846,2.0166588427129915
log_craving_tool,-0.43735059517248565,0.34358795584161705,-1.2728926836250631,0.20752173946324742,-1.123346082586416,0.24864489224144493
log_content,-0.4191591998628048,0.4079619043919154,-1.0274469144063327,0.3079609437401288,-1.2336814224597277,0.39536302273411805
mod_readiness,0.014140557687755212,0.08982712055602271,0.15741969240721831,0.8753947039295159,-0.1652050750713395,0.19348619044684992
mod_age,0.015998903355791176,0.009744683694565286,1.6418083805751371,0.1053867016138862,-0.003456985382722627,0.03545479209430498
mod_edu,0.03747379861871214,0.10788924871163269,0.34733580098302874,0.7294442434810073,-0.17793403654643017,0.2528816337838544
mod_cpd,-0.007202377925281983,0.00956010512481839,-0.7533785278766801,0.4539016520195728,-0.026289743658938023,0.011884987808374058
