,coef,se,t,p,ci_lo,ci_hi
Intercept,3.1107175729762653,1.1488671213076873,2.7076391301332743,0.007912318427093234,0.8327262972864351,5.388708848666095
log_n_events,-0.577243620217017,0.7729884814840495,-0.7467687217133886,0.45687206806146474,-2.109936987771231,0.9554497473371968
log_craving_tool,0.633945025211206,0.42134402398270704,1.5045781810761474,0.13543472286473796,-0.20150234106397247,1.4693923914863845
log_content,0.3056667243440431,0.5950579567792734,0.5136755518713699,0.6085581153062647,-0.8742232811511735,1.4855567298392596
mod_readiness,-0.0238116695254309,0.12930070269774147,-0.18415730950120215,0.8542452412694267,-0.28019107774694524,0.23256773869608344
mod_age,0.009692331533453384,0.015316731612145274,0.6327937172815596,0.5282440703904963,-0.02067791785172771,0.040062580918634474
mod_edu,0.1451927523681232,0.16269657577059513,0.8924143097691706,0.3742115632550077,-0.17740450306396607,0.4677900078002125
mod_cpd,0.0004229341693037207,0.015568187902635209,0.027166563761228186,0.9783784499274685,-0.030445906589352662,0.031291774927960106
