,test_statistic,p,-log2(p)
activated,0.0019219899851683864,0.965031538817447,0.05135200209006801
log_n_events,0.6097298596765963,0.43488954087398213,1.2012790825919029
mod_age,0.0009013274894032105,0.9760494145665138,0.034973905761680885
mod_cpd,1.3637306110505232,0.24289197909697152,2.0416132455397027
mod_edu,0.07425603462303655,0.7852378950936493,0.3487982968356156
mod_readiness,0.2907667220654575,0.5897296152387903,0.7618744491668905
