,test_statistic,p,-log2(p)
activated,4.332421085986954,0.03739302208642752,4.741087115933206
log_active_days,0.08505434534130567,0.770561291216944,0.37601838017461653
log_content,0.7971606243291488,0.37194365431373655,1.4268440106484495
log_craving_tool,0.1675108487518062,0.682333536351196,0.55145096910802
log_n_events,0.654561435847044,0.4184865525724917,1.2567468301731028
mod_age,0.028001383843039483,0.8671055691911322,0.2057204441430134
mod_cpd,0.3369101286578004,0.5616182073321636,0.8323383871615107
mod_edu,0.36413823897456604,0.5462168978138731,0.8724541487534296
mod_readiness,1.0991766532356517,0.2944468655123595,1.7639207792627651
