,test_statistic,p,-log2(p)
activated,0.0031898071922277144,0.9549607198074661,0.06648670258132329
log_active_days,0.6303257074135138,0.42723586746328124,1.226895325110836
log_content,0.681567351544996,0.409047534238389,1.2896595905339077
log_craving_tool,0.16595558112367328,0.6837315126281887,0.5484981753919881
log_n_events,0.06834327757972053,0.7937644157678851,0.3332172067067148
mod_age,0.013143588743100438,0.908726120329164,0.13808254676059953
mod_cpd,1.4328911110359603,0.2312931865844904,2.112205327078182
mod_edu,0.027384563692818647,0.8685639711131022,0.2032959852621523
mod_readiness,0.4697369996055775,0.49310818590068617,1.0200238922201008
