,test_statistic,p,-log2(p)
activated,1.6135886931292165,0.2039880752784947,2.293443277197539
log_n_events,0.6198241466401913,0.4311126416641431,1.2138632271082226
mod_age,0.029840607509949452,0.8628523882363373,0.21281432224355717
mod_cpd,0.4991098003959386,0.47989152950713776,1.0592197464006556
mod_edu,0.9605932290878549,0.3270374593996765,1.6124722010754031
mod_readiness,2.9449827589943953,0.08614461838054005,3.5370955184344126
