baseline_family,seed,n,events,recovered_kappa,gof_stat,gof_p,adequate
weibull,601,1155,714,0.5884826577825718,5.283986296604293,0.7351324337831084,True
lognormal,602,1171,904,1.4347133329726083,40.853686403073,0.0009995002498750624,False
gengamma,603,1092,991,2.3480264360940035,36.95560155158047,0.0004997501249375312,False
